GUID,Name,Need_formwork,Total_surface_area,Formwork_area
2Ad1pV8b91PexqHC9DYHrf,M_Footing-Rectangular:1800 x 1200 x 450mm:420618,True,7.025258935510201,2.5402237277222297
2Ad1pV8b91PexqHC9DYHrC,M_Footing-Rectangular:1800 x 1200 x 450mm:420655,True,7.029344311920317,4.864423090893595
